X,Y,Name,Description
-0.000436083345819,-0.000247849768294,,
-0.00043608263615,-0.000247850361188,,
-0.00043608861893,-0.000247849067618,,
-0.00043608776553,-0.000247849337113,,
-0.00043608893334,-0.000247849130504,,
-0.00043608796316,-0.000247849750331,,
-0.000436088699778,-0.000247850648647,,
-0.000436089077071,-0.000247850019825,,
-0.000436088978256,-0.000247850379152,,
-0.000436087469086,-0.00024784987609,,
-0.000436089032155,-0.00024785066661,,
-0.000436089229784,-0.00024784999288,,
-0.000436088286553,-0.000247849651517,,
-0.000436088160789,-0.000247849588631,,
-0.000436088942323,-0.000247849480836,,
-0.000436098096156,-0.00024785020847,,
-0.000436098805825,-0.000247849750331,,
-0.000436097494285,-0.000247849399986,,
-0.000436097970392,-0.000247850298302,,
-0.000436097332588,-0.000247849534727,,
-0.000436097188858,-0.000247849184395,,
-0.000436097934459,-0.000247850585761,,
-0.00043609807819,-0.000247850424074,,
-0.000436097359537,-0.000247850468983,,
-0.000436097503268,-0.000247849328131,,
-0.000436097116992,-0.000247849049654,,
-0.000436097808695,-0.000247850136603,,
-0.000436098428533,-0.000247850307284,,
-0.00043609739547,-0.000247850801364,,
-0.000436098230903,-0.000247850675592,,
-0.000436097691914,-0.00024785074746,,
-0.000436098886673,-0.000247849193377,,
-0.00043609756615,-0.000247852606965,,
-0.000436097000211,-0.000247851852397,,
-0.000436096551054,-0.000247851789511,,
-0.000436097188858,-0.000247852723755,,
-0.000436096721734,-0.000247852256633,,
-0.000436097233773,-0.000247851385263,,
-0.000436096721734,-0.000247852903418,,
-0.000436096982245,-0.000247852400356,,
-0.0004360967397,-0.00024785199612,,
-0.000436097036144,-0.000247852445278,,
-0.000436097790729,-0.000247852687815,,
-0.000436097296655,-0.00024785165477,,
-0.000436097134959,-0.000247851313408,,
-0.00043609671275,-0.000247852472224,,
-0.000436097754796,-0.000247851915283,,
-0.000436097179874,-0.000247852984268,,
-0.000436096802582,-0.000247852184778,,
-0.000436097799712,-0.000247851385263,,
-0.000436097808695,-0.000247851466113,,
-0.000436098275819,-0.000247853927506,,
-0.000436098751926,-0.000247854340723,,
-0.000436097377504,-0.000247856811086,,
-0.000436093658478,-0.000247856577531,,
-0.000436092463719,-0.000247857107539,,
-0.000436093595596,-0.000247857835173,,
-0.000436088097907,-0.000247858158572,,
-0.000436089283683,-0.00024785811365,,
-0.00043608825062,-0.000247858284319,,
-0.000436089059104,-0.000247857996873,,
-0.000436088340452,-0.00024785765551,,
-0.000436088268587,-0.000247858158572,,
-0.000436089337582,-0.000247858356186,,
-0.000436088061974,-0.00024785894908,,
-0.000436088636896,-0.000247857826192,,
-0.000436088798593,-0.000247858823308,,
-0.000436087855362,-0.00024785735907,,
-0.000436088574014,-0.000247858392127,,
-0.000436088717744,-0.000247858338223,,
-0.000436088044008,-0.000247858446018,,
-0.000436088744694,-0.000247858526868,,
-0.000436087801463,-0.000247858481958,,
-0.000436088232654,-0.000247857996873,,
-0.000436089211818,-0.000247857646528,,
-0.000436088052991,-0.000247858302282,,
-0.000436088663845,-0.000247857412961,,
-0.000436089517245,-0.000247857224316,,
-0.000436088538081,-0.000247858922134,,
-0.000436088609947,-0.000247858670603,,
-0.000436088044008,-0.000247857889077,,
-0.000436088385368,-0.000247858661621,,
-0.000436088052991,-0.000247858796363,,
-0.000436089364531,-0.000247857682456,,
-0.000436088996222,-0.00024785732313,,
-0.000436089050121,-0.000247858410091,,
-0.000436089310633,-0.000247857700432,,
-0.000436088061974,-0.000247857745342,,
-0.000436088484182,-0.000247857673474,,
-0.000436089113003,-0.000247858751453,,
-0.000436089562161,-0.000247858904158,,
-0.000436088115873,-0.000247857484829,,
-0.000436089184868,-0.000247858805344,,
-0.000436088565031,-0.000247858985008,,
-0.000436089355548,-0.000247858194487,,
-0.000436088214688,-0.000247857781282,,
-0.000436088582997,-0.000247858886194,,
-0.000436088780626,-0.000247858652627,,
-0.000436088313503,-0.00024785849094,,
-0.000436088780626,-0.000247858598736,,
-0.000436088529098,-0.000247858059759,,
-0.000436088430284,-0.000247858724495,,
-0.000436088654862,-0.000247857287202,,
-0.000436088313503,-0.000247857350088,,
-0.000436089220801,-0.000247858410091,,
-0.000436089238767,-0.000247857224316,,
-0.000436088744694,-0.000247857224316,,
-0.000436089391481,-0.000247857889077,,
-0.000436089391481,-0.000247858230427,,
-0.000436087891294,-0.000247858931116,,
-0.000436087954176,-0.00024785849094,,
-0.000436089157919,-0.000247857637546,,
-0.000436088825542,-0.000247858652627,,
-0.000436088430284,-0.000247857933987,,
-0.000436088753677,-0.000247858176523,,
-0.000436088493166,-0.000247857871114,,
-0.000436088026042,-0.000247857529751,,
-0.000436088439267,-0.000247857718396,,
-0.000436088547065,-0.000247858338223,,
-0.000436089229784,-0.000247857691451,,
-0.000436088565031,-0.000247857386016,,
-0.000436089130969,-0.000247858679585,,
-0.000436088475199,-0.000247857763306,,
-0.000436088511132,-0.000247858383132,,
-0.000436088672829,-0.00024785886823,,
-0.000436088232654,-0.000247857916023,,
-0.00043608844825,-0.000247857772288,,
-0.000436088115873,-0.000247858751453,,
-0.000436088529098,-0.000247857457883,,
-0.000436087927227,-0.000247857907041,,
-0.000436088259604,-0.000247858940098,,
-0.000436088367401,-0.000247857260256,,
-0.000436088996222,-0.000247857996873,,
-0.000436089014188,-0.000247858706531,,
-0.000436089364531,-0.000247857457883,,
-0.000436088035025,-0.000247857673474,,
-0.000436089283683,-0.000247858428054,,
-0.00043608941843,-0.000247858877212,,
-0.000436088412317,-0.000247857538733,,
-0.000436088582997,-0.000247858212451,,
-0.000436088825542,-0.000247858481958,,
-0.000436088726728,-0.00024785811365,,
-0.000436089292666,-0.000247858437036,,
-0.000436088232654,-0.000247858455,,
-0.000436088079941,-0.000247857296184,,
-0.000436087990109,-0.000247857709414,,
-0.000436089023172,-0.00024785732313,,
-0.000436089337582,-0.000247858895176,,
-0.000436088151806,-0.000247858068741,,
-0.000436088466216,-0.000247857296184,,
-0.000436089436397,-0.00024785743992,,
-0.000436088385368,-0.000247858437036,,
-0.000436089373515,-0.000247858104668,,
-0.000436089157919,-0.00024785849094,,
-0.000436087909261,-0.000247858023819,,
-0.000436093676445,-0.000247859110779,,
-0.000436093981872,-0.000247858634663,,
-0.000436093972889,-0.000247857889077,,
-0.000436093945939,-0.000247858634663,,
-0.000436093631529,-0.000247858365168,,
-0.000436093775259,-0.000247858607717,,
-0.000436094853238,-0.000247858050777,,
-0.000436094682558,-0.000247858203469,,
-0.000436093317119,-0.000247858437036,,
-0.000436093523731,-0.000247858428054,,
-0.000436094179501,-0.000247857907041,,
-0.000436093874074,-0.000247858679585,,
-0.000436093146439,-0.000247858185505,,
-0.000436094547811,-0.000247858643645,,
-0.000436094628659,-0.000247857978909,,
-0.000436093155422,-0.000247858221445,,
-0.000436094817305,-0.000247858724495,,
-0.000436094763406,-0.000247858167541,,
-0.000436094628659,-0.000247857799246,,
-0.000436093308136,-0.000247858248391,,
-0.000436093568647,-0.000247857781282,,
-0.000436094835272,-0.000247859092816,,
-0.000436093595596,-0.000247858212451,,
-0.000436094475945,-0.000247859200611,,
-0.000436094565777,-0.000247858194487,,
-0.000436094251367,-0.000247858742471,,
-0.000436094206451,-0.000247858131627,,
-0.000436093424917,-0.000247857871114,,
-0.00043609391899,-0.000247858221445,,
-0.0004360934339,-0.000247857700432,,
-0.00043609460171,-0.000247858185505,,
-0.000436094143569,-0.000247858859248,,
-0.000436094619676,-0.000247857781282,,
-0.00043609474544,-0.000247858553813,,
-0.000436093838142,-0.000247858778399,,
-0.000436093883057,-0.00024785891314,,
-0.000436094305265,-0.000247859119761,,
-0.000436093415933,-0.000247859074839,,
-0.000436094350181,-0.000247857907041,,
-0.000436093254237,-0.000247857898059,,
-0.000436093532714,-0.000247858212451,,
-0.000436094215434,-0.000247857781282,,
-0.000436094457979,-0.000247857763306,,
-0.000436094448996,-0.00024785886823,,
-0.00043609389204,-0.000247857547715,,
-0.000436094772389,-0.000247859173653,,
-0.00043609391899,-0.000247858553813,,
-0.000436094691541,-0.000247858850267,,
-0.00043609326322,-0.000247858904158,,
-0.00043609460171,-0.000247859092816,,
-0.000436093191355,-0.000247859173653,,
-0.000436094781373,-0.000247859209593,,
-0.00043609426035,-0.000247857673474,,
-0.000436094152552,-0.000247858544832,,
-0.000436093164405,-0.00024785781721,,
-0.000436093901024,-0.000247857808228,,
-0.000436093622546,-0.000247858607717,,
-0.000436094395097,-0.000247859308406,,
-0.00043609391899,-0.000247857601606,,
-0.000436094152552,-0.000247858886194,,
-0.000436093811192,-0.000247858859248,,
-0.000436093631529,-0.000247857619583,,
-0.000436094080687,-0.000247857718396,,
-0.000436094853238,-0.000247857628565,,
-0.000436093784243,-0.000247857907041,,
-0.000436093829158,-0.000247859065857,,
-0.000436094466962,-0.000247858634663,,
-0.000436094853238,-0.00024785857179,,
-0.000436094718491,-0.000247858131627,,
-0.000436093326102,-0.000247859200611,,
-0.00043609340695,-0.000247858131627,,
-0.000436093622546,-0.000247857880096,,
-0.000436093910007,-0.000247858086704,,
-0.000436094610693,-0.000247858077723,,
-0.000436093559664,-0.000247857925005,,
-0.000436094808322,-0.000247857754324,,
-0.000436093703394,-0.000247858050777,,
-0.000436094709507,-0.000247858329241,,
-0.000436093164405,-0.000247859209593,,
-0.000436094368148,-0.000247859056875,,
-0.000436093101523,-0.000247858203469,,
-0.000436094341198,-0.000247857664492,,
-0.000436094206451,-0.000247858068741,,
-0.000436094475945,-0.000247859038912,,
-0.00043609443103,-0.000247858383132,,
-0.000436093245253,-0.000247859128743,,
-0.000436093245253,-0.000247858526868,,
-0.000436094718491,-0.000247857916023,,
-0.000436094556794,-0.000247857565679,,
-0.000436093469832,-0.000247857754324,,
-0.000436098464465,-0.000247860287572,,
-0.000436098832775,-0.000247859757564,,
-0.000436098635145,-0.000247860377404,,
-0.000436098284802,-0.00024785932637,,
-0.000436098769892,-0.00024786065588,,
-0.000436098500398,-0.000247860664862,,
-0.00043609856328,-0.000247859991132,,
-0.00043609725174,-0.000247859425184,,
-0.000436098491415,-0.00024785970366,,
-0.000436097682931,-0.000247859928246,,
-0.000436097206824,-0.000247860287572,,
-0.000436097188858,-0.000247859919264,,
-0.000436097170891,-0.000247861796732,,
-0.000436096416306,-0.000247862183017,,
-0.000436095751553,-0.000247861967414,,
-0.000436096407323,-0.000247861976396,,
-0.000436096982245,-0.000247862227927,,
-0.000436096811565,-0.000247862874724,,
-0.000436096012065,-0.000247862587253,,
-0.000436097314622,-0.000247862236908,,
-0.000436096380374,-0.000247862811838,,
-0.000436097090043,-0.000247862659121,,
-0.000436096281559,-0.000247862120131,,
-0.000436096353424,-0.000247861679955,,
-0.000436097979375,-0.000247864788133,,
-0.000436098060223,-0.000247864518626,,
-0.00043609770988,-0.000247865659503,,
-0.000436097072077,-0.000247864446771,,
-0.000436098069207,-0.000247864249131,,
-0.000436098446499,-0.00024786441083,,
-0.000436097745813,-0.000247865228309,,
-0.000436097646998,-0.000247864752193,,
-0.000436098689044,-0.000247865506786,,
-0.000436098311752,-0.000247865291182,,
-0.000436097170891,-0.000247864743211,,
-0.000436097467335,-0.00024786441083,,
-0.000436098069207,-0.000247865309159,,
-0.000436097152925,-0.000247865470846,,
-0.00043609807819,-0.000247864994742,,
-0.000436098141072,-0.000247864707283,,
-0.000436097440386,-0.000247864698302,,
-0.000436097449369,-0.000247865767299,,
-0.000436098419549,-0.000247865533731,,
-0.000436097557167,-0.000247864383885,,
-0.000436098114122,-0.000247865093555,,
-0.000436098581246,-0.000247864392867,,
-0.000436098410566,-0.000247865093555,,
-0.0004360942334,-0.000247866432047,,
-0.000436094170518,-0.000247867060868,,
-0.000436095266463,-0.000247867087814,,
-0.000436093290169,-0.000247866306288,,
-0.000436092787113,-0.000247865686449,,
-0.000436093083557,-0.00024786623442,,
-0.000436093218304,-0.000247865722377,,
-0.000436092032528,-0.000247866584765,,
-0.00043609209541,-0.000247865830172,,
-0.000436092158292,-0.000247865964926,,
-0.000436093164405,-0.000247865964926,,
-0.000436093254237,-0.000247865192369,,
-0.000436092508635,-0.000247865201351,,
-0.000436092032528,-0.000247865982889,,
-0.000436092113376,-0.000247865695431,,
-0.000436092670332,-0.000247866243402,,
-0.000436093245253,-0.000247865488822,,
-0.000436093038641,-0.000247866827314,,
-0.00043609277813,-0.000247865533731,,
-0.000436092957793,-0.000247866360192,,
-0.000436092472702,-0.000247866926127,,
-0.000436092544568,-0.000247866027812,,
-0.000436092248123,-0.000247865578654,,
-0.000436092616433,-0.00024786631527,,
-0.000436091825915,-0.000247865246273,,
-0.000436092221174,-0.000247865147459,,
-0.000436093245253,-0.000247865928998,,
-0.000436091789983,-0.000247866243402,,
-0.000436092787113,-0.000247866432047,,
-0.000436093290169,-0.000247865839167,,
-0.000436092634399,-0.000247866908164,,
-0.000436093281186,-0.000247866117643,,
-0.000436091798966,-0.000247865255255,,
-0.000436092616433,-0.000247865632545,,
-0.00043609223914,-0.000247865488822,,
-0.000436091763033,-0.000247865893058,,
-0.00043609226609,-0.000247866800368,,
-0.000436091915747,-0.000247866108661,,
-0.000436092275073,-0.000247865884076,,
-0.000436092319989,-0.000247865470846,,
-0.000436092131342,-0.000247866324252,,
-0.000436093317119,-0.000247866459006,,
-0.000436092724231,-0.000247866521879,,
-0.000436089490296,-0.000247863162183,,
-0.000436089310633,-0.000247863620323,,
-0.000436089571144,-0.000247862704043,,
-0.0004360892747,-0.000247863503545,,
-0.000436089912504,-0.000247862209963,,
-0.000436089472329,-0.000247862093186,,
-0.000436090523358,-0.000247862209963,,
-0.00043608944538,-0.000247862120131,,
-0.000436089355548,-0.000247862227927,,
-0.000436089750807,-0.000247863494563,,
-0.000436089768773,-0.000247863350828,,
-0.000436090424543,-0.000247862515398,,
-0.000436089463346,-0.000247863521509,,
-0.000436089598093,-0.000247862964556,,
-0.000436090729971,-0.000247862380644,,
-0.000436089337582,-0.000247863611341,,
-0.000436090325729,-0.000247862802856,,
-0.000436090029285,-0.000247862461494,,
-0.000436090532341,-0.00024786252438,,
-0.000436089086054,-0.000247863799986,,
-0.000436089714874,-0.000247862587253,,
-0.000436090568274,-0.000247863701172,,
-0.000436090379628,-0.000247862614211,,
-0.000436089373515,-0.000247862829802,,
-0.000436090208948,-0.000247862434548,,
-0.000436090460476,-0.000247862686079,,
-0.000436090460476,-0.000247863467605,,
-0.000436083561415,-0.000247866521879,,
-0.000436085268214,-0.000247865650509,,
-0.000436085034652,-0.000247866944091,,
-0.000436085295163,-0.000247866405102,,
-0.000436084154303,-0.000247866414084,,
-0.000436084567528,-0.000247866279343,,
-0.000436085151433,-0.000247866045775,,
-0.000436084055488,-0.000247866423065,,
-0.000436084127353,-0.000247865452882,,
-0.000436084351932,-0.000247866009848,,
-0.000436085214315,-0.000247866189511,,
-0.000436084846006,-0.000247866261366,,
-0.000436083759044,-0.000247866153571,,
-0.000436085151433,-0.000247866009848,,
-0.000436084037522,-0.000247865632545,,
-0.000436083759044,-0.000247865497804,,
-0.000436084783123,-0.000247865479827,,
-0.000436084154303,-0.000247865686449,,
-0.000436083821926,-0.000247865650509,,
-0.000436083741078,-0.00024786539899,,
-0.000436083669213,-0.000247866090685,,
-0.000436084522612,-0.000247866836296,,
-0.000436084675326,-0.000247865551695,,
-0.000436084540578,-0.0002478667285,,
-0.000436085304146,-0.000247865848148,,
-0.000436083920741,-0.000247866917146,,
-0.000436085151433,-0.000247866333234,,
-0.000436084082438,-0.000247865578654,,
-0.000436085034652,-0.00024786677341,,
-0.000436085223298,-0.000247866405102,,
-0.000436085277197,-0.000247865273219,,
-0.00043608414532,-0.000247866935109,,
-0.000436083669213,-0.000247865884076,,
-0.000436084531595,-0.000247866989001,,
-0.000436084872955,-0.000247866324252,,
-0.000436084136336,-0.000247865623563,,
-0.000436082761914,-0.000247863144219,,
-0.000436082546318,-0.000247863485581,,
-0.0004360818097,-0.00024786285676,,
-0.000436081962413,-0.000247864240149,,
-0.000436082258858,-0.000247863225069,,
-0.000436082186992,-0.000247863764058,,
-0.000436081701902,-0.000247864446771,,
-0.000436081028166,-0.000247863269978,,
-0.000436082528352,-0.000247863808968,,
-0.0004360809563,-0.000247856146337,,
-0.000436080839519,-0.00024785678414,,
-0.000436081117997,-0.000247856236169,,
-0.000436080992233,-0.000247857412961,,
-0.000436081207829,-0.000247857412961,,
-0.000436081243761,-0.000247856658381,,
-0.000436078773394,-0.000247864249131,,
-0.00043607833322,-0.000247863521509,,
-0.000436078009826,-0.000247863862872,,
-0.000436078090675,-0.000247864437789,,
-0.000436077776264,-0.000247863898799,,
-0.000436074569279,-0.000247853154949,,
-0.000436075216066,-0.000247851888325,,
-0.000436075278948,-0.000247851879343,,
-0.000436075431661,-0.000247852642905,,
-0.000436075539459,-0.000247851924265,,
-0.000436074650127,-0.000247853199858,,
-0.000436075889802,-0.000247853163931,,
-0.000436075027419,-0.000247851834434,,
-0.000436075225049,-0.000247853451389,,
-0.000436075189116,-0.000247853460371,,
-0.00043607534183,-0.000247852544092,,
-0.00043607585387,-0.000247845941476,,
-0.000436076347943,-0.000247844800612,,
-0.000436077057612,-0.000247844944347,,
-0.000436077830163,-0.000247843848392,,
-0.000436077542702,-0.000247844468231,,
-0.00043607696778,-0.000247844297562,,
-0.000436077372022,-0.00024784462993,,
-0.000436076922865,-0.000247844737738,,
-0.000436077246258,-0.000247844117886,,
-0.000436076698286,-0.00024784425264,,
-0.00043607813559,-0.000247844423321,,
-0.000436077461854,-0.000247844800612,,
-0.00043607665337,-0.000247843713651,,
-0.000436076536589,-0.00024784387535,,
-0.00043607696778,-0.000247844108904,,
-0.00043607682405,-0.000247843704669,,
-0.000436076419808,-0.000247844198736,,
-0.000436077488803,-0.00024784482757,,
-0.00043607650964,-0.000247843560933,,
-0.000436077318123,-0.000247844836552,,
-0.000436076581505,-0.000247843668728,,
-0.000436078072708,-0.000247844279586,,
-0.000436076455741,-0.00024784490842,,
-0.000436077839146,-0.000247844656889,,
-0.000436077928978,-0.000247843974163,,
-0.000436077928978,-0.000247843920259,,
-0.000436077093545,-0.0002478437945,,
-0.00043607682405,-0.000247843390265,,
-0.000436076931848,-0.000247844495189,,
-0.000436076689303,-0.000247844351454,,
-0.000436075368779,-0.000247840623449,,
-0.000436076797101,-0.000247841701428,,
-0.000436076464724,-0.000247841683464,,
-0.000436076123364,-0.000247841656506,,
-0.000436075440645,-0.000247841665488,,
-0.000436076473707,-0.000247841467861,,
-0.000436076949814,-0.000247841656506,,
-0.000436077084561,-0.000247840623449,,
-0.000436075799971,-0.000247840425822,,
-0.000436077156427,-0.000247841207348,,
-0.000436076392859,-0.000247840569545,,
-0.000436076329977,-0.000247841126498,,
-0.000436075817937,-0.000247841584651,,
-0.000436076159297,-0.000247841845164,,
-0.000436075503527,-0.000247840407858,,
-0.000436075620308,-0.000247841908037,,
-0.000436076285061,-0.000247840874967,,
-0.000436075817937,-0.000247840650395,,
-0.000436076707269,-0.000247840380913,,
-0.000436075737089,-0.000247841656506,,
-0.00043607616828,-0.000247841917019,,
-0.000436076222179,-0.000247840587509,,
-0.000436075898785,-0.000247841970923,,
-0.000436075844886,-0.000247841018703,,
-0.000436075521493,-0.000247840434804,,
-0.000436075728105,-0.000247841458879,,
-0.000436076455741,-0.000247841144475,,
-0.000436077066595,-0.00024784083904,,
-0.00043607716541,-0.000247840632431,,
-0.000436075808954,-0.000247841620578,,
-0.000436076886932,-0.000247841908037,,
-0.000436075961667,-0.000247841952959,,
-0.000436076545572,-0.00024784075819,,
-0.000436075728105,-0.000247841225312,,
-0.000436075395729,-0.000247840865985,,
-0.000436076635404,-0.000247841153457,,
-0.000436075593358,-0.000247841872109,,
-0.000436076985747,-0.000247841755332,,
-0.000436076904898,-0.000247840362949,,
-0.000436076608454,-0.000247841342102,,
-0.000436075701156,-0.000247841926001,,
-0.000436075701156,-0.000247841575656,,
-0.000436075548442,-0.000247841548711,,
-0.00043607668032,-0.000247841638542,,
-0.000436076752185,-0.000247840488708,,
-0.000436074461481,-0.000247838880721,,
-0.000436074506397,-0.000247834425082,,
-0.000436075952684,-0.000247835206608,,
-0.000436075701156,-0.000247834883209,,
-0.000436075216066,-0.000247835188644,,
-0.000436074416565,-0.000247834398124,,
-0.000436075045386,-0.000247833886093,,
-0.000436075090302,-0.000247834209479,,
-0.000436074227919,-0.000247833778285,,
-0.000436074470464,-0.000247834011852,,
-0.000436078369152,-0.000247831757068,,
-0.000436075638274,-0.000247827624827,,
-0.000436074398599,-0.00024782660074,,
-0.000436093038641,-0.000247839482597,,
-0.000436088475199,-0.000247834020834,,
-0.000436087576884,-0.000247828810602,,
-0.000436094053737,-0.000247824310041,,
-0.00043609488917,-0.000247823456647,,
-0.00043609391899,-0.000247823025453,,
-0.000436095500025,-0.000247823241044,,
-0.000436094754423,-0.000247824615476,,
-0.000436095149682,-0.000247823878846,,
-0.000436095275446,-0.000247822971549,,
-0.000436094655608,-0.000247824193263,,
-0.000436094206451,-0.000247822998494,,
-0.000436095176631,-0.000247824570554,,
-0.000436094170518,-0.000247824220209,,
-0.000436094556794,-0.000247823178158,,
-0.000436094026788,-0.000247824031564,,
-0.000436094592726,-0.000247822845802,,
-0.000436093999838,-0.000247823465629,,
-0.000436095149682,-0.000247823169176,,
-0.00043609488917,-0.000247823968678,,
-0.000436095500025,-0.000247823618334,,
-0.000436094844255,-0.000247824408854,,
-0.000436094979002,-0.000247823007476,,
-0.000436095194598,-0.000247822935621,,
-0.000436095338328,-0.000247823097308,,
-0.000436093954923,-0.000247823824955,,
-0.000436095158665,-0.000247823483593,,
-0.000436094556794,-0.000247823501556,,
-0.000436094799339,-0.000247824597512,,
-0.000436094008821,-0.000247824372927,,
-0.000436095077817,-0.000247824103432,,
-0.000436094332215,-0.000247823618334,,
-0.000436093838142,-0.000247823537484,,
-0.000436094143569,-0.000247823869865,,
-0.00043609408967,-0.000247823294948,,
-0.000436095311379,-0.000247823699183,,
-0.000436095526974,-0.000247824615476,,
-0.000436097090043,-0.000247820043047,,
-0.000436096811565,-0.000247819809492,,
-0.000436099793972,-0.000247819584907,,
-0.000436100036517,-0.000247819629829,,
-0.000436099946685,-0.000247817931998,,
-0.000436100270079,-0.000247818408114,,
-0.000436100692287,-0.000247818192511,,
-0.000436093173388,-0.000247822297818,,
-0.000436093865091,-0.000247821857642,,
-0.00043608958911,-0.000247821731883,,
-0.00043608978674,-0.000247823052398,,
-0.000436089562161,-0.000247821956456,,
-0.000436089687925,-0.00024782238765,,
-0.000436090361661,-0.000247822558331,,
-0.000436089346565,-0.000247821489334,,
-0.000436089643009,-0.000247821408484,,
-0.000436089723858,-0.000247822118155,,
-0.000436085546691,-0.000247827750599,,
-0.000436084010572,-0.000247828711801,,
-0.000436084316,-0.000247828900433,,
-0.000436084486679,-0.000247828603993,,
-0.000436084567528,-0.000247829430441,,
-0.000436084890921,-0.000247829080097,,
-0.000436083884808,-0.000247827948226,,
-0.000436083839892,-0.000247828406366,,
-0.000436084522612,-0.000247829358573,,
-0.000436084837022,-0.000247828945343,,
-0.000436084675326,-0.000247829349591,,
-0.000436083992606,-0.000247828954325,,
-0.000436084163286,-0.000247827822454,,
-0.000436084513629,-0.000247829107042,,
-0.000436085070584,-0.000247828487216,,
-0.000436084001589,-0.000247829044156,,
-0.000436085025669,-0.000247828190775,,
-0.000436084010572,-0.000247829080097,,
-0.000436085223298,-0.000247828693825,,
-0.000436083965657,-0.000247828469252,,
-0.000436085519742,-0.000247827705677,,
-0.000436085465843,-0.000247828388402,,
-0.000436085106517,-0.000247829187892,,
-0.000436085358045,-0.000247829080097,,
-0.000436077928978,-0.000247825145483,,
-0.000436078728478,-0.000247826726512,,
-0.000436078207456,-0.000247826367185,,
-0.000436085178382,-0.000247832879969,,
-0.000436089319616,-0.000247836787649,,
-0.000436088978256,-0.000247837928502,,
-0.000436089202835,-0.000247837730875,,
-0.000436088349435,-0.00024783746138,,
-0.000436088556048,-0.000247837021204,,
-0.00043608861893,-0.000247837389525,,
-0.000436089409447,-0.000247838781908,,
-0.000436089283683,-0.00024783887174,,
-0.000436089283683,-0.000247838063243,,
-0.000436090747937,-0.000247837955447,,
-0.000436090128099,-0.000247839033426,,
-0.0004360909276,-0.000247839275975,,
-0.000436090155049,-0.00024783780273,,
-0.000436090729971,-0.000247839320897,,
-0.000436090595223,-0.000247837883579,,
-0.000436089544194,-0.000247837946465,,
-0.000436089795723,-0.000247838817836,,
-0.000436089571144,-0.000247837694934,,
-0.000436089463346,-0.000247838916649,,
-0.0004360900742,-0.000247839311916,,
-0.000436090837768,-0.000247839293939,,
-0.000436090334712,-0.000247838063243,,
-0.000436090235897,-0.000247839024444,,
-0.00043609044251,-0.000247839024444,,
-0.000436089634026,-0.000247839105294,,
-0.000436090873701,-0.000247838404605,,
-0.000436090325729,-0.000247837901543,,
-0.000436090685055,-0.000247837730875,,
-0.000436090738954,-0.000247839302921,,
-0.000436092984742,-0.000247841036667,,
-0.000436092858978,-0.000247841476843,,
-0.000436092688298,-0.000247841539729,,
-0.000436092113376,-0.000247840937853,,
-0.000436091637269,-0.000247840812094,,
-0.000436093119489,-0.000247842231436,,
-0.000436092311006,-0.000247841072607,,
-0.000436091700151,-0.000247842375171,,
-0.000436091745067,-0.000247841027685,,
-0.00043609260745,-0.000247841521765,,
-0.000436092104393,-0.000247841692446,,
-0.000436092805079,-0.000247840803112,,
-0.000436094251367,-0.000247843596873,,
-0.000436094943069,-0.00024784441434,,
-0.000436095778503,-0.000247844549081,,
-0.000436094934086,-0.000247844028055,,
-0.000436095374261,-0.000247844495189,,
-0.000436095158665,-0.000247843659747,,
-0.000436094314249,-0.000247843695687,,
-0.000436094251367,-0.000247844477225,,
-0.000436095095783,-0.000247844486207,,
-0.00043609440408,-0.000247844037049,,
-0.00043609542816,-0.000247843938223,,
-0.000436095877317,-0.000247845788772,,
-0.000436096272576,-0.000247846085212,,
-0.000436096380374,-0.000247845995381,,
-0.000436095248497,-0.000247845061124,,
-0.000436095455109,-0.000247845222824,,
-0.000436095670705,-0.000247845905549,,
-0.000436095526974,-0.000247846273857,,
-0.000436095607823,-0.000247844845534,,
-0.000436096290542,-0.000247846309797,,
-0.000436096030031,-0.000247846354707,,
-0.000436095392227,-0.000247845276728,,
-0.000436095931216,-0.000247845303673,,
-0.000436095877317,-0.000247844989257,,
-0.000436095751553,-0.000247845141974,,
-0.000436095535957,-0.00024784482757,,
-0.000436096622919,-0.000247845627072,,
-0.000436095491042,-0.000247846354707,,
-0.000436096110879,-0.000247846309797,,
-0.000436095994098,-0.000247845905549,,
-0.000436096775633,-0.000247845950458,,
-0.000436095140699,-0.000247845483337,,
-0.000436095796469,-0.000247846264875,,
-0.000436096245626,-0.000247844674852,,
-0.000436095356294,-0.000247845779777,,
-0.000436096470205,-0.000247845869609,,
-0.000436096811565,-0.000247844602985,,
-0.000436096595969,-0.000247846264875,,
-0.000436096506138,-0.000247845851645,,
-0.000436095491042,-0.000247845222824,,
-0.000436096748683,-0.000247845914531,,
-0.000436096658852,-0.000247845995381,,
-0.000436095895284,-0.000247846067248,,
-0.000436095769519,-0.000247846201989,,
-0.00043609608393,-0.000247845025197,,
-0.000436096299525,-0.000247846282839,,
-0.00043609639834,-0.000247845141974,,
-0.000436095329345,-0.000247845366559,,
-0.000436095338328,-0.000247846246912,,
-0.000436095473075,-0.000247844594003,,
-0.000436095760536,-0.000247845276728,,
-0.000436095832401,-0.000247845321637,,
-0.000436096551054,-0.00024784462993,,
-0.000436096488172,-0.000247846309797,,
-0.000436096470205,-0.000247845932495,,
-0.000436096173761,-0.000247844962311,,
-0.000436093676445,-0.00024784604029,,
-0.000436093487799,-0.000247846345725,,
-0.000436093793226,-0.000247847558445,,
-0.000436093083557,-0.000247847019456,,
-0.000436093523731,-0.000247846453508,,
-0.000436092418803,-0.00024784725301,,
-0.000436092562534,-0.000247847028437,,
-0.000436092454736,-0.00024784646249,,
-0.000436093802209,-0.000247847145215,,
-0.000436093532714,-0.000247846696057,,
-0.000436093649495,-0.000247847261992,,
-0.000436093990855,-0.000247847459632,,
-0.00043609289491,-0.000247846139116,,
-0.000436092957793,-0.000247846184026,,
-0.000436094161535,-0.000247846767925,,
-0.000436093083557,-0.000247845977417,,
-0.000436089975386,-0.000247846085212,,
-0.000436089157919,-0.000247845600114,,
-0.000436088861475,-0.000247845680964,,
-0.000436089409447,-0.000247846624189,,
-0.000436089086054,-0.000247846902666,,
-0.000436089526228,-0.000247845932495,,
-0.00043608978674,-0.000247845384523,,
-0.000436090316746,-0.000247846435544,,
-0.000436088654862,-0.000247843821446,,
-0.000436088232654,-0.000247844755702,,
-0.000436088286553,-0.000247844719762,,
-0.000436082438521,-0.000247837784766,,
-0.000436083902774,-0.000247838287828,,
-0.000436083884808,-0.000247837425452,,
-0.000436083830909,-0.000247838144092,,
-0.000436082258858,-0.000247838126128,,
-0.000436082402588,-0.000247838422569,,
-0.00043607867458,-0.000247848034549,,
-0.000436078216439,-0.000247847297932,,
-0.000436077695416,-0.000247848268116,,
-0.000436079393232,-0.00024784766624,,
-0.000436079312383,-0.000247847594373,,
-0.000436078638647,-0.000247847055383,,
-0.000436078315253,-0.000247848411851,,
-0.000436078656613,-0.00024784816032,,
-0.000436078279321,-0.000247847324878,,
-0.000436079384249,-0.00024784858252,,
-0.000436078692546,-0.000247848277098,,
-0.000436078827293,-0.00024784728895,,
-0.000436077866096,-0.000247848214212,,
-0.000436079042889,-0.000247847756072,,
-0.000436078557799,-0.000247846983515,,
-0.000436078620681,-0.000247848115398,,
-0.00043607864763,-0.000247848079471,,
-0.000436078351186,-0.000247847199119,,
-0.000436078791361,-0.000247848070489,,
-0.000436077686433,-0.000247847854885,,
-0.00043607864763,-0.000247847684204,,
-0.000436078000843,-0.000247848627442,,
-0.000436079123737,-0.000247848402857,,
-0.000436079240518,-0.00024784820523,,
-0.000436078548815,-0.000247847639295,,
-0.000436078800344,-0.000247848627442,,
-0.000436078297287,-0.000247848519647,,
-0.000436078890175,-0.00024784728895,,
-0.000436078611697,-0.000247846983515,,
-0.000436078997973,-0.00024784858252,,
-0.000436078467967,-0.000247848295062,,
-0.000436079384249,-0.000247847738108,,
-0.000436078009826,-0.00024784858252,,
-0.000436080345446,-0.000247808472736,,
-0.000436080462227,-0.000247808203241,,
-0.000436081683936,-0.000247808598508,,
-0.000436089256734,-0.000247809963945,,
-0.00043608742417,-0.000247808346977,,
-0.000436086651619,-0.00024780902072,,
-0.000436087397221,-0.000247808418844,,
-0.000436082222925,-0.000247806783912,,
-0.000436083399718,-0.000247805598138,,
-0.000436082025296,-0.000247805804747,,
-0.000436082896661,-0.000247806092205,,
-0.000436083372768,-0.0002478062,,
-0.000436083211072,-0.000247806334754,,
-0.000436081899531,-0.000247806541363,,
-0.000436082986493,-0.000247806676117,,
-0.000436082932594,-0.000247806622213,,
-0.000436083058358,-0.000247806577303,,
-0.000436083238021,-0.000247806343736,,
-0.000436083426667,-0.000247806047296,,
-0.0004360818097,-0.000247805499312,,
-0.000436082743948,-0.000247805310666,,
-0.000436087235524,-0.000247813099069,,
-0.000436086705518,-0.000247812712797,,
-0.00043608710976,-0.000247812281603,,
-0.000436087055861,-0.00024781343145,,
-0.000436086076697,-0.000247812497193,,
-0.00043608642704,-0.000247812533134,,
-0.000436087540951,-0.000247813494335,,
-0.000436087037895,-0.000247812254657,,
-0.000436086013815,-0.000247813036196,,
-0.00043608628331,-0.000247813503317,,
-0.000436085906018,-0.000247813081105,,
-0.000436081091048,-0.000247817770311,,
-0.000436081117997,-0.000247818740495,,
-0.000436080561042,-0.000247818093697,,
-0.00043608032748,-0.000247818471,,
-0.000436081001216,-0.000247817500804,,
-0.000436081117997,-0.000247819243544,,
-0.000436079608827,-0.000247818506928,,
-0.000436079896288,-0.000247818911176,,
-0.000436081073081,-0.000247818488964,,
-0.000436080040019,-0.000247818300319,,
-0.000436079770524,-0.000247817743353,,
-0.000436080767654,-0.00024781835421,,
-0.000436079689676,-0.000247818983031,,
-0.000436077955927,-0.000247823133248,,
-0.0004360793034,-0.00024782397766,,
-0.00043607933035,-0.000247823744105,,
-0.000436079348316,-0.000247823744105,,
-0.000436077982877,-0.000247823034435,,
-0.000436078369152,-0.000247823573424,,
-0.00043607847695,-0.000247822684103,,
-0.000436078045759,-0.000247822432572,,
-0.000436078180506,-0.00024782363631,,
-0.000436079510013,-0.000247823986655,,
-0.000436078072708,-0.000247823833937,,
-0.000436078090675,-0.000247823456647,,
-0.000436077982877,-0.000247823411725,,
-0.000436079105771,-0.000247822872735,,
-0.000436078099658,-0.000247823420707,,
-0.000436078917125,-0.000247822890699,,
-0.000436079222552,-0.000247823232062,,
-0.000436078746445,-0.000247822657145,,
-0.000436078270338,-0.000247822755971,,
-0.000436078827293,-0.000247822612235,,
-0.000436078692546,-0.00024782360037,,
-0.000436079069838,-0.000247824004618,,
-0.000436078063725,-0.000247822729012,,
-0.000436079033906,-0.000247823591388,,
-0.000436079321367,-0.00024782351952,,
-0.000436079608827,-0.000247822513422,,
-0.000436079249501,-0.000247823375797,,
-0.000436079438148,-0.000247822531385,,
-0.000436078602714,-0.000247822693085,,
-0.000436079348316,-0.000247823285966,,
-0.00043607833322,-0.000247823321893,,
-0.000436078557799,-0.000247822657145,,
-0.000436079384249,-0.00024782351952,,
-0.00043607796491,-0.000247822827826,,
-0.000436079339333,-0.000247822549349,,
-0.000436079608827,-0.000247822764953,,
-0.000436079635777,-0.000247823869865,,
-0.000436079545945,-0.000247823106302,,
-0.00043607867458,-0.00024782314223,,
-0.0004360793034,-0.000247823959696,,
-0.000436079150687,-0.000247823986655,,
-0.000436084333966,-0.000247817806239,,
-0.00043608995742,-0.000247818264379,,
-0.000436089499279,-0.000247819252526,,
-0.000436088636896,-0.000247818093697,,
-0.000436090190981,-0.00024781922558,,
-0.000436089139953,-0.0002478188932,,
-0.000436089885554,-0.000247819117785,,
-0.000436089472329,-0.000247818282342,,
-0.000436089481312,-0.000247819620847,,
-0.000436088924357,-0.000247818740495,,
-0.000436090226914,-0.000247818821345,,
-0.000436088708761,-0.00024781843506,,
-0.000436089562161,-0.00024781892914,,
-0.00043608876266,-0.000247818749477,,
-0.00043608975979,-0.000247818147601,,
-0.000436089229784,-0.000247819513039,,
-0.000436089499279,-0.000247819531016,,
-0.000436089912504,-0.000247818758459,,
-0.000436088996222,-0.000247819072863,,
-0.000436088870458,-0.000247818399132,,
-0.000436089580127,-0.000247819090839,,
-0.00043608961606,-0.000247818686591,,
-0.000436089732841,-0.000247818605741,,
-0.000436089409447,-0.000247818866254,,
-0.000436088906391,-0.000247819405244,,
-0.000436090397594,-0.000247819539997,,
-0.000436090343695,-0.00024781934237,,
-0.00043608995742,-0.000247819001008,,
-0.000436089139953,-0.000247818938122,,
-0.000436090173015,-0.000247818758459,,
-0.000436088870458,-0.000247818291337,,
-0.000436090020302,-0.000247818075734,,
-0.000436089849622,-0.000247819477111,,
-0.000436089319616,-0.000247819719661,,
-0.000436088699778,-0.000247818776423,,
-0.000436094961036,-0.000247821947474,,
-0.00043609523053,-0.000247820384397,,
-0.000436090738954,-0.000247819746606,,
-0.000436091772016,-0.000247819054899,,
-0.000436090155049,-0.00024781884829,,
-0.000436091394724,-0.000247819288466,,
-0.000436090065217,-0.00024781984542,,
-0.000436091080314,-0.000247819108803,,
-0.000436091197095,-0.000247819423207,,
-0.000436090676072,-0.000247819566943,,
-0.000436091277943,-0.000247819054899,,
-0.000436090181998,-0.000247819153713,,
-0.000436091215061,-0.000247818803368,,
-0.000436090972516,-0.00024781897405,,
-0.000436091062347,-0.000247818363192,,
-0.00043609158337,-0.000247818821345,,
-0.000436091529471,-0.000247819575925,,
-0.000436091601336,-0.000247819836438,,
-0.000436090559291,-0.000247818533873,,
-0.000436090918617,-0.000247819198635,,
-0.000436090622173,-0.000247819261521,,
-0.000436090649122,-0.000247819836438,,
-0.000436090307762,-0.000247819351352,,
-0.000436090226914,-0.000247819081858,,
-0.0004360900742,-0.00024781930643,,
-0.000436090496409,-0.000247818884218,,
-0.000436091125229,-0.000247818551837,,
-0.00043609027183,-0.000247819899324,,
-0.000436090460476,-0.000247819369316,,
-0.000436091376758,-0.000247818542855,,
-0.000436090388611,-0.000247819522034,,
-0.000436090792853,-0.000247819701697,,
-0.000436091574387,-0.000247818659645,,
-0.000436091053364,-0.000247819513039,,
-0.000436091493539,-0.000247819036935,,
-0.000436091367775,-0.000247819441184,,
-0.000436091394724,-0.000247818830327,,
-0.000436090541324,-0.00024781881235,,
-0.000436090649122,-0.000247819917288,,
-0.000436091206078,-0.000247818309301,,
-0.000436091224044,-0.00024781946813,,
-0.000436091511505,-0.000247819351352,,
-0.000436091304892,-0.000247818291337,,
-0.000436091376758,-0.000247819548979,,
-0.000436090676072,-0.000247818659645,,
-0.00043609075692,-0.000247819531016,,
-0.000436090523358,-0.000247819405244,,
-0.000436090514375,-0.000247819980161,,
-0.000436090541324,-0.000247818884218,,
-0.000436091574387,-0.000247818722519,,
-0.000436091116246,-0.000247819072863,,
-0.00043609024488,-0.000247818956086,,
-0.000436087675699,-0.00024781497655,,
-0.000436087352305,-0.000247814033325,,
-0.00043608793621,-0.000247813997385,,
-0.000436087190608,-0.000247814985532,,
-0.000436088565031,-0.000247814042307,,
-0.000436087217558,-0.000247814518398,,
-0.00043608713671,-0.000247813530263,,
-0.000436087262474,-0.000247814500434,,
-0.00043608759485,-0.000247814302807,,
-0.000436088376385,-0.000247814329753,,
-0.000436091457606,-0.000247812622965,,
-0.000436094134586,-0.000247811895318,,
-0.000436093218304,-0.000247811814481,,
-0.000436092832028,-0.000247811778541,,
-0.00043609340695,-0.000247812667875,,
-0.000436094224417,-0.000247812658893,,
-0.000436093110506,-0.000247811383287,,
-0.000436093550681,-0.000247812757706,,
-0.000436092984742,-0.000247812039054,,
-0.000436093802209,-0.000247812272621,,
-0.000436092634399,-0.000247812470248,,
-0.000436092724231,-0.000247812739743,,
-0.000436093299152,-0.00024781210194,,
-0.000436094161535,-0.000247811473118,,
-0.00043609360458,-0.00024781198515,,
-0.000436094341198,-0.000247811958204,,
-0.00043609309254,-0.000247812964328,,
-0.000436093254237,-0.000247812784665,,
-0.000436097458352,-0.000247806182037,,
-0.000436096092913,-0.000247806137127,,
-0.000436101204327,-0.000247820007106,,
-0.000436101204327,-0.000247819432202,,
-0.0004361016984,-0.000247819701697,,
-0.000436101491788,-0.000247820725759,,
-0.000436101446872,-0.000247820716777,,
-0.000436102084676,-0.000247819890342,,
-0.000436101518737,-0.000247819504057,,
-0.00043610121331,-0.000247820878477,,
-0.000436102102642,-0.000247819908306,,
-0.000436101931962,-0.00024782018677,,
-0.000436101437889,-0.000247819953215,,
-0.000436102201457,-0.00024781994422,,
-0.000436102156541,-0.000247819647793,,
-0.000436102659598,-0.000247820824573,,
-0.000436103872323,-0.000247820150842,,
-0.000436103674694,-0.000247819953215,,
-0.00043610568692,-0.000247816000625,,
-0.00043610352198,-0.000247819063881,,
-0.000436102003827,-0.00024781843506,,
-0.000436101375007,-0.000247815371804,,
-0.000436100943815,-0.000247816171307,,
-0.000436101788232,-0.000247816557591,,
-0.000436100791102,-0.000247815650281,,
-0.000436101913996,-0.000247815677239,,
-0.000436101446872,-0.000247815856902,,
-0.000436100916866,-0.000247815749094,,
-0.000436102102642,-0.000247816782164,,
-0.000436101572636,-0.000247815695203,,
-0.000436101509754,-0.000247816952845,,
-0.000436101608569,-0.000247816153343,,
-0.000436100782119,-0.000247815380786,,
-0.000436101267209,-0.000247816539628,,
